INPUT:id	INPUT:text	OUTPUT:id	OUTPUT:plot	OUTPUT:image	OUTPUT:music	OUTPUT:actors	OUTPUT:plot_score	OUTPUT:image_score	OUTPUT:music_score	OUTPUT:actors_score	HINT:text
79667_0	"Ну неужели господа диснеевцы не понимали сами, что  ЕАЛЬНАЯ история принцессы Покахонтас и ее отношений с Джоном  ольфом как продолжение шедевра на тему истории Покахонтас и Джона Смита  это бред?

Нельзя же так! Диснеевская Покахонтас  это сказка, добрая сказка для детей, и ей и должна оставаться. Неужели о точном следовании фактам думали создатели первой части? Оно и не так нужно в данном случае, как доброта и поучительность, и оригинальный мультфильм вдосталь обладал и тем и другим. Поэтичность, искренность, красота и сила, душевность, ощущение единения с природой, преданности родине, любви  вот что отличало этот мультфильм, вот благодаря чему его помнят, и, видит Бог, будут помнить еще долго. Несмотря ни на какие отступления от истории. 

А тут, подумать только, Покахонтас, закрутившая новый роман, Джон Смит, для которого женщина, которой он клялся в вечной верности  не более чем приятное воспоминание из прошлого. Ужас? Тихий. Это надо, так отправить к чертям всю историю красивой любви, в которую хотелось верить, которая заставляла искренне сопереживать героям  свести ее к незначительному эпизоду в жизни Покахонтас и Джона. Слов нет. И для того только, чтобы подсунуть Покахонтас новую любовь  Джона  ольфа, за которым и была замужем настоящая индейская принцесса. Чтобы все было, как в истории. Не иначе, из-за того, что на сценарий, созданный хоть с какой-то фантазией и уважением, выкладываться не пожелали. А в каком свете это выставляет полюбившихся нам героев, создатели не подумали. Да и не хотели, судя по всему. 

Отважного и благородного Джона Смита тут жалко больше всех. С учетом того, что он появляется здесь только в самом начале и под конец, и того, насколько топорными и недоработанными вышли те немногие сцены со Смитом, что были, и того, что на смену храбрости и романтичности здесь пришла какое-то легкомыслие, ребячество и капризы  яснее ясного, что ровно никакого желания вводить его в сюжет создатели не имели. Да даже забыть обо всем вышеперечисленном  что мы видим?

В фильме нет ни одного удачного персонажа, ни одного по-настоящему красивого и запоминающегося музыкального номера, почти ни одной яркой эмоции. Фильм настолько примитивен и слаб, что я не знаю, как этого можно не заметить. Анимация настолько же плоха, насколько была прекрасна в первом фильме. Для саундтрека здесь зачем-то привлекли сразу трех композиторов, но потуги этой троицы, особенно после великолепной музыки Алана Менкена, просто смешны. Но, может, оно и правильно  разукрашивать подобную ересь красивыми картинками и звуками просто нет смысла.

Плюс балл за единственный эпизод в этом фильме, который еще получился  эпизод с травлей медведя во дворце. Действительно, хороший момент, сильный, даже первой части в какой-то степени достойный.  евущий от боли и ярости медведь, глумливый хохот отовсюду, ужас и омерзение Покахонтас, в общем, эмоционально сцена хороша. Но больше вспомнить решительно нечего. 

2 из 10"		yes	yes	yes	no	neg	neg	neg		
8251_2	"
Забавный, хотя и несколько дурацкий фильм о любви, мошенниках и простаках. Генри Фонда играет ну очень доверчивого сына миллионера Чарли, которого цепляет на крючок Джин, дочь пароходного шулера. Поначалу Чарльз интересен Джин только как добыча, дурачок, с которого можно стрясти хороший куш. По внезапно для себя она влюбляется по-настоящему. Но готов ли сын миллионера поверить в искренность чувств аферистки?

Барбара Стэнвик ну очень хороша. Она средняя актриса, но очень шикарная женщина, умеющая эффектно себя подать. Я опять смотрела на нее  и понимала, почему  оберт Тейлор  самый красивый мужчина в Голливуде  был горд и счастлив, когда она согласилась быть его женой  и говорил, что такая удача простым парням вроде него выпадает нечасто. В общем-то, Стэнвик и второстепенные актеры  оба папы и телохранитель Чарли  держат на себе весь фильм. Потому что Фонда играет такого непроходимого идиота, что даже его красота, к которой я чувствительна, блекнет на фоне нескольких однообразных выражений лица и бесконечных падений в очередной торт. Генри Фонда  отличный актер, конечно, но не в этом фильме, впрочем, милые идиоты из романтических комедий у людей его типа получаться и не должны. С ним лучше смотреть Мою дорогую Клементину или даже Сказки Манхеттена. А в подобной роли я предпочла бы видеть актера с большим чувством самоиронии. Джимии Стюарт вполне бы пошел:)

PS А еще хочу увидеть настоящую яркую пару для Стэнвик. С Купером мне не понравилось, герой войны в Коннектикуте для нее простоват, Фонда  слишком замороженный и не-светский. Интересно, а они с Тейлором где-то играли вместе?"		yes	no	no	yes	neut			neut	
86333_9	"
Фильм рассказывает нам о жизни создателя легендарных  оллинг Стоунс. О бесподобном Брайане Джонсе. Да еще как!

К сожалению сейчас мало кто вспомнит, кто был основателем этой легендарной группы. Всем хорошо известны Микк и Кит, но вот Брайан Да, умер он молодым и достаточно давно, но какой был талант!

Фильм повествует обо всем: о любви и сексе, о наркотиках и музыке, о дружбе и предательстве, вообщем то  о безумной жизни рокенрольщика! С первых ноток можно понять, что Stoned просто насыщен классной музыкой. А куда же без музыки про  олингов!?

Хочется отметить то, что Стивен Вули совершенно точно подобрал актеров к этому фильму. Лео Грегорри настолько справился со своей ролью, что видишь в нем самого Брайана! И Бен Уишоу в роли Кита  ичардса очень правдоподобен. 

В общем, всем кто любит  оллингов, да и вообще музыку, фильм определенно понравится! Люди должны знать историю.

10 из 10"		yes	no	yes	yes	pos		pos	pos	
81297_4	"
Чудеса в Боксе происходят тогда, когда нет сил, а ты все дерешься. Не смотря на сломанные ребра и отбитые почки. Чудеса случаются, когда ставишь всё на карту ради мечты, известной только тебе.

Я всегда только читала рецензии, и никогда не старалась их писать. Но этот фильм просто разорвал мое сердце на кусочки История девушки которая шла напролом, ни смотря ни на что. Чемпионки, именно с большой буквы. Персонаж Мэгги, настолько глубокий, она моментально вызывает симпатию. Этот фильм показывает, насколько несправедлива жизнь. Уходят лучшие. Кладбище забито людьми, без которых мир не может обойтись Хилари Суонк настолько гениальная актриса, что даже и не верится что это просто игра. 

Клинт Иствуд  лучший.

10 из 10"			no	no	yes			neut	pos	
68242_3	"
Всё в жизни бывает  дебютный фильм Карана Джохара, которым он доказал свой талант.

На первый взгляд  это типичная индийская мелодрама, снятая за миллион долларов и получившая успех на своей родине, но в этом фильме нам не показывают, как индийский мачо спасает свою индийскую принцессу, все счастливы и конец. Этот фильм показывает взаимоотношения людей, отношения отца к дочери, отношение мамы к сыну, парню к девушке и т. д. 

В фильме замечательный саундтрек, сцены с танцами к месту и не вызывают смеха, а заглавная песня к фильму вообще стала одной из самых узнаваемых в индийском кино и появлялась не раз в других фильмах.

Шах  укх Кхан хорошо сыграл отца и молодого студента, его герою действительно сопереживаешь. Каджол великолепно сыграла простую девушку, не понимающей ничего в любви.  ани Мукхерджи сыграла типичную девушку главного героя и сыграла хорошо. В фактах к этому фильму приводятся слова  ани Мукхерджи, которая сказала Карану Джохару  Я единственная, кто сможет сыграть эту роль,хотя я думаю, что в её роли ничего сложного не было. В фильме есть актёр Джонни Левер, который к удивлению не бесил своей ролью. Также хотелось бы сказать про Анупама Кхера, который играл директора, его герой  это такой наивный дурачок, который вызывает всегда улыбку и смех.

В целом фильм очень хороший и я не смог найти в нём каких-то значимых ошибок, рекомендую к просмотру.

10 из 10"		yes	no	yes	yes	pos		pos	pos	
66091_0	"Претендующая на забавность, но местами скучноватая комедия, в очередной раз эксплуатирующая тему дона Жуана. На этот раз вечного любовника ставят перед довольно жестким выбором, который он, впрочем, совершить не может, поскольку, по замыслу Залуского, лишен умения говорить нет в силу своей инфантильности и даже некоторой истеричности  перед нами предстает этакий мотылек, порхающий с одного цветка на другой, восхищающийся каждым из них, но забывающий обо всем, что привлекло его в цветке, едва только где-то неподалеку появляется новый. Перед выбором, однако, мотылька ставят именно цветки его недавнего прошлого и наполненного влюбленностями настоящего. Однажды они запирают его в своеобразном персональном цветнике, из которого мотылек Кароль всячески пытается выбраться, но, в силу упомянутых и отнюдь не мужественных черт, сделать этого не может, а заодно расстается с теми зачатками воли, которые в нем, наверное, сохранялись. В конце концов, неудачная попытка бегства из цветника приводит мотылька к физическим травмам, а главный цветок находит себе сразу несколько мотыльков Финал открыт для интерпретаций  смех Кароля может быть расценен и как радость осознания возможности лететь дальше, и как помешательство.

Подумалось сейчас, что если бы Андрей Павлович Бузыкин Георгия Данелии был во много раз глупее и начисто лишен интеллигентности, порядочности и нравственности, он, пожалуй, мог бы быть прототипом главного героя данного фильма  омана Залуского.

4 из 10"		yes	no	no	no	neut				
68478_0	"Что похитители обычно делают со своими жертвами? Обычно их насилуют, подвергают пыткам, заставляют решать головоломки, требуют выкуп. Всё это интересно пока замысел похитителя не разгадан, после градус внимания к сюжету начинает неуклонно опускаться. Пусть жертва отчаянно борется, или смиряется и становится игрушкой, но все эти трепыхания редко бывают интересны и ничего нового не привносят в сюжет.

В Идеальном образовании такого не наблюдается, я бы назвал его даже Идеальным похищением. Похищение оказалось удобной формой, для того чтоб свести вместе двух людей, которым иначе друг друга не узнать. 

Сюжет фильма так и норовит скатиться к фарсу: к этому располагают и смешные обитатели дома, и сама девушка своей детской непосредственностью, но главный герой вовремя выруливает в сторону драмы, у него непростая задача: идеальные взаимоотношения, как он видит их в соитии тел и душ в близости которая должна возникнуть без принуждения. 

За тем как зрелый мужчина преобразует похищенную старшеклассницу в идеальную любовницу и будем наблюдать, отбросив все подозрения в педофилии и жестоком обращении с девушкой. Позже можно будет убедиться, что героиня имеет свою волю и характер. Ну а если отношения пленницы и похитителя начнут напрягать, можно всегда переключится на соседей, они уж точно не дадут заскучать своими выходками.

В фильме есть музыка, обычно я на неё не обращаю внимания, но здесь она самая разная, подобранная по ситуации, начинает звучать незаметно, всегда в тему, и резко обрывается на смене кадра. Мне понравилось, как понравилась и игра Наото Такэнака (похититель): серьёзный, заботливый, страстный в конце фильма. Девушка как мне показалось вживалась в роль по ходу фильма, не сразу ей это удалось, но выразить появление той самой идеальной страсти получилось."			no	yes	yes			pos	pos	
70912_1	"
Фанфары любви  комедия, по сценарию которой, спустя восемь лет Билли Уайлдер создаст Некоторые любят погорячее (или, как там у нас,  В джазе только девушки). И чего же такого в этом фильме оригинального, непоказанного Уайлдером?

Во-первых, мы не увидели здесь мафиози. Так как на экране пред нами Западная Германия начала 50-х, а не США конца 20-х. 

Во-вторых, Ганс не только становиться Ганси, а Петер  Петрой. Ганс, влюбившись в очаровательную вокалистку из Весенних фиалок, вновь превращается в мужчину. На этот раз  в галантного композитора, дабы произвести нужное впечатление на девушку. А вот Петер, решив отомстить за вольную выходку своего друга, тоже переодевается в мужчину. Он  брат Петры, лихой и бесподобный. Вот только он и не догадывается с первых минут, что подружка очаровательной вокалистки положила на него глаз. И тут пошла кутерьма

В общем, картина очень веселая и милая. Крайне приятно смотреть и слушать ее в советском дубляже, который был сделан еще в 1958 году. 

9 из 10"		yes	no	no	no	pos				
70988_0	"Если вам нужно подлечить расшатанные жизнью нервы  нужно посмотреть комедию с участием Каришмы Капур и Говинды.

Вот люблю я эту пару. Они как правило, очень легкие, очень химичные и веселые. И комедии (за редким исключением) у них получались удачные. Этот фильм такой же  легкий, юморной. Онбыл в списке хитов 1997 года  кстати, все критики отмечают, что это был самый урожайный на хиты год. Задействованы в фильме, как уже понятно, Каришма Капур и Говинда, а также обожаемый мной Кадер Кхан, Шакти Капур (в эпизоде) и другие звезды второго плана, в частности, Пареш  аваль в роли главы чокнутой семейки Динанатх. Смутило лишь то, что Парешь на тот момент был приблизительно одного возраста со своими сыновьями-бездельниками. Но сценаристов это не смутило, добавили ему седины и дело с концом. 

Жанр комедия мне кажется не совсем верным, это скорее мелодрама с элементами комедии. Знаете, я отдыхала на этом фильме, потому что он очень красочный, песни все очень красивые, и сюжет не напрягает. Вечная история  сын  адж (Говя) сбегает от своего отца-тирана в поисках лучшей жизни и не куда-нибудь, а в Европу (потрясающие пейзажи обеспечены). Попутно он влюбляется в студентку Мину (Каришма Капур), которая путешествует со своей тетей (Химани Шивпури). Но девушка невзлюбила его с первого взгляда, и отношение ее меняется коренным образом только после того, как он спас ее из лап хулиганов. Но их брак невозможен из-за ссоры его отца и дедушки. Итак, перед героем N1 задача  жениться на любимой, а заодно навести шухер в семейных отношениях. Что герой Говинды с блеском и делает! 

Понравилось ну почти все: Говя с его улыбкой в 50 зубов, его отношения с отцом  как они в течение фильма меняются на почти диаметрально противоположные, Каря -трогательная очаровашка, Пареш понравился в образе гневливого, но доброго дедули. Кадер Кхан  сама отеческая любовь. Самая юморная сцена, на мой вгляд  это то, как  адж в машине напяливал на себя костюм поверх банного полотенца. Вообще Говя умеет в таких сценах сниматься так, что ухохатываешься. Ну а в образе слуги в доме Динанатхов Говинда просто неподражаем. Сыграл на 5 с плюсом.

Песни все очень красивые  потрясающие пейзажи на фоне швейцарских Альп, германских городов, французского Дисней-Лэнда. А по звучанию понравились`Hero N1, Mohabbat Ho Jaate Hai, Yeh Sharad Tum Hum Pe Marte Ho. Очень мило и профессионально поставлены, в сопровождении великолепной музыки. 

Так что советую всем для отдыха души и разгрузки мозгов.

9 из 10"		yes	yes	yes		pos				
7158_5	"
Картина Из породы беглецов разговорная драма с множеством громких фраз и красочных афоризмов. Тащить фильм должны игра Марлона Брандо и его двух ассистенток Анны Маньяни и Джоэнн Вудворд. Человек, проживший пол жизни в сфере развлечений и гуляний, решает изменить свою судьбу и отправляется в путешествие. Дождливой ночью он находит ночлег у местных жителей, с помощью нового знакомства у его появляется перспектива найти работу в магазине этого города. Там он и встречает героинь Лэди и Кэрол, между ими происходит химия, которую представляют зрителю. 

Игра признанных мастеров своего дела вышла весьма ярко, по мне так даже через чур. Их персонажи выглядят карикатурными и безжизненными. Змеиная кожа ни разу не из породы беглецов, трудно его сопоставить и к человеку с 15 летнего возраста живущим развлечениями. С первого появления на экране Валентин искрит излишний самоуверенностью, неким превосходством над остальными, философствует и идеализирует себя. Почему то авторы свели главного героя со всеми его достоинствами с двумя довольно таки скверными женщинами не предоставив мотива для этого. Персонаж не наделен человечностью. То же самое можно сказать и про персонажей Маньяни и Вудворд. Они очень яркие, такие же карикатурные, но совершено безжизненные. Почему или зачем они такие не разъясняется, для чего им Валентин и что более важно, для чего они Валентину. 

Неким злодеем в этом мрачном и жутком городе представлен хозяин магазина Джейб Торенс, но если давать объективную оценку его персонажу, его яркость объясняется и в нем можно разглядеть человека, по сути его подозрения подтвердились и если не брать в расчет последний его поступок персонажу можно посочувствовать. Второстепенные персонажи получили меньше внимания, но тоже успели с переменным успехом внести свой вклад. Музыкальное сопровождение не примечательно, большая часть сцен происходит в огромном магазине, та часть города, которая попадает на экран может подходить для типичного хоррора, где живут в основном сумасшедшие и люди почитающие насилие. 

3 из 10"			no	yes	yes			neut	pos	
71646_1	"
Странный мир искаженных фантазий уводит простого клерка в радостную негу действия. Пожить. Взять чужие деньги и пожить. От рассвета и до полуночи. А дальше, будь что будет. Вот уж в действительности настоящий фильм ужасов для немецкого менталитета. 

Садуль пишет об этом фильме более, чем восторженные отзывы. Современники считали его более удачным отражением стилистики, изысканно найдено Вине в картине про доктора Калигари. Садуль приводит одну из критических рецензий от 1966 года: Это единственная экспрессионистская картина, тема которой никак не привязана к иррациональному и малопонятному словесному шлаку. Нельзя не видеть и социальные цели фильма. То есть, киношная элита превозносила ленту.

Просмотрев оба фильма, я сформировал и собственное мнение. Фильм Вине  прогрессивен во вех отношениях. Это был настоящий прорыв. Ну а как и любая новация, этот фильм был слишком непонятен для современников. Ну а От рассвета до полуночи  прост и понятен. По форме соблюдены все модные тенденции калигаризма. Ну а по сути  это обычная театральная постановка. Тут не будет присущего работам Вине внутреннего накала, мистического напряжения и непонятной рациональности. На фоне кривых авангардных декораций развернется вполне обычная история, отправляющая нас к теме социопатии на волне бедности.

Я не вижу в этой ленте тех преимуществ, которые привнес Вине. Однако, убежден, что для своих современников работа Карла Хайнца Мартина была куда ближе, в силу своей простоты и незатейливости. 

Так что, я совсем ничего интересного не увидел в этой ленте. Неловкая попытка ухватиться за принадлежность к тренду  калигаризму. Не более того. Отсюда и такая оценка  

2 из 10"		yes	no	no	no	neg				
71831_1	"
Фильм отличает мастерский монтаж. Перед зрителем разворачивается широкое импрессионистическое полотно жизни большого города. Каждый кадр или фрагмент находится в диалоге с соседними  это и создает разнообразнейшую музыкальную ткань. 

 ежиссер не стремился к драматической динамике, но фильм, разделенный на акты, имеет ощутимую ритмику, подчеркнутую наложенной музыкой. К концу каждой части идет заметное усиление темпа, образно это выражается через мощную жизнь механизмов  заводов, поездов  это индустриальный ритм, который авангард воспринимал, как новую поэзию: трубные выдохи заводов, ходящие части механизма на конвейере, капельки пота, катящиеся по паровозу, волевые линии рельс. Вот он новый прекрасный и яростный мир! В нем еще нет усталости от бессмысленности повторения, только звучание сверхмощного сердца, заразительная устремленность.

Вальтер  уттманн  один из ярчайших документалистов  относится к немецкому киноавангарду. Тяга к изобретательству и смелый эксперимент отличают многие работы этого периода. В этом фильме нет архаичности, которая порою чувствуется в старом кино, он увлекателен и современен. 

Симфония большого города практически лишена политической окраски. Хотя смотря это кино сейчас, нельзя не заметить мелькнувший образ брехтовской Иоанны скотобоен. В отличие от Фрица Ланга, Вильгельма Мурнау или Эрнста Любича  уттманн не покинул Германию с установлением 3 рейха. Но в Берлине 1927 года еще нет неминуемых предчувствий и наползающих теней, ведь еще остается будущим и Триумф власти (где  уттманн был одним из сценаристов), и Немецкие танки. Только в нашем сознании коротко вспыхивает тревожность от выкриков газетчиков и надвигающихся заголовков.

9 из 10"				yes	no		pos	pos		
79667_4	"
Как по мне, перекрывает просто всё хорошее впечатление от первой части, лучше бы они на ней и остановились. 

Девушка, узнавшая о гибели своего возлюбленного в начале мультфильма не могла с этим смириться, но к середине, когда появился другой молодой человек, которого тоже, кстати, зовут Джон, (это ирония такая?!), она забывает о своём горе и между ними начинают развиваться отношения. Даже главной злодей говорит ей: Хорошо, что Джон Смит умер, ему бы не пришлось смотреть, как ты променяла его на другого

В конце фильма она узнаёт, что Джон Смит жив и что она делает? о! Ты жив! Мне сказали,

что ты умер никакой уже любви нет. Он стал для неё обузой, поскольку у неё уже новый Джон и новые отношения. А в конце, когда она собирается плыть домой, Смит предлагает ей путешествовать вместе, как они хотели в первой части. Но героиня уже его не любит и говорит у нас разные пути. Смит говорит Надеюсь, ты найдёшь своё счастье. По-моему это сцена просто абсурдна: ладно Покахонтас, которая уже нашла ему замену, но Джон, который сказал ей при встрече я каждый день думал о тебе, так просто её отпускает? Что-то мне не верится.

На этом они расстаются, и главная героиня уплывает домой с новым Джоном, который ради неё отказался от титула советник королевского суда. Чему должен научить этот треугольник я не знаю. Конец, по мне таки, совсем не удачный.

3 из 10

только из-за красотки Покахонтас"		yes	no	no	no	neg				
86333_0	" Однажды в моей семье, когда тема разговора коснулась великого советского исполнителя песен Владимира Семеновича Высоцкого, моя мама спросила бабушку, мол, помнит ли она его? И в противовес чувству гордости за музыканта последовала первая реакция бабушки: Это который наркоман был? Ужасная реакция.

На протяжении всего фильма я наделся увидеть и услышать играющих  оллингов, но, однако, глубоко обломался Ну ладно, пусть фильм конкретно про Брайана Джонса, а не про группу в целом(хотя для чего тогда нас, зрителей, пытались познакомить с другими участниками группы, я не знаю), тогда все равно возникает вопрос: ГДЕ МУЗЫКА? Между прочим, Брайан Джонс великий гитарист; воистину духовный человек способен так глубоко чувствовать свой музыкальный инструмент. Как же охото было увидеть именно эту неотъемлемую часть в фильме про Брайана Джонса, а не одно пристрастие к наркотикам. (Кстати, я надеюсь поклонники рок-н-ролла 60-х помнят, что наркотики имели главенствующую функцию обострения внимания, а не ухода от него.) В таком случае получается, что фильм конкретно про вредные привычки Брайана. Все полтора часа полностью посвящены такой узкой проблеме.  азве это не убого? Такой фильм  неуважение к памяти великому музыканту.

И все же я много подчеркнул для себя интересных моментов благодаря Аните Уолин, через которую можно заглянуть во внутренний мир Брайнана(показывается та любовь, при которой открывается совершенно иной, полный сюрреализма, мир), а также благодаря попытке раскрыть верную версию его гибели.

Фильм смотреть можно, но я сильно снижаю за зловещие выдумки.

Моя оценка 

4 из 10

P.S.- кинопоиск, рекомендуя посмотреть, приравивает этот фильм с фильмом The Doors. На мой взгляд, это большая ошибка, потому что тот фильм, действительно, про музыканта и его коллектив!"		yes	no	no						
86333_5	"
Талантливые люди всегда уходят очень рано  это всем известный факт. Наверное, они предчувствуют свою смерть и стараются жить на полную, брать от нее все!

Совершенно новое, но и интересное видение жизни и творчества КУЛЬТОВОЙ Г УППы, т. е. становления.

Любовь, секс, много секса, наркотики, очень много наркотиков, красивые девушки, самые красивые девушки  неотъемлемые атрибуты, звездной жизни.

Я просто в полном восторге, и не потому, что тут играет один из самых любимейших моих актеров  Лео Грегори  для него каждая роль, как отдельная жизнь, к которой он готовится, но потом вживается настолько, что про нет слов, а потому, что очень люблю фильмы, снятые в документальном стиле  этот именно такой. Камера через камеру  я бы так охарактеризовала.

Вроде как и документальное кино, но в тоже время очень художественное.

Туве  просто открытие для меня, безумно красивая актриса, но сыграла боевую подругу, очень хорошо, я, кстати говоря, поверила ей.

The stoned  это история, которую должны знать все, нравится  или нет, но Брайан Джонс стоял у истоков, он был великий человек, который не хотел жить как все.

10 из 10"		no		no	yes				pos	
86333_8	"
Для того, чтобы снять фильм о знаменитом человеке, надо быть фантастически смелым, потому что с признанием зрителей и количеством наград (если они есть, конечно) следует и критика со стороны тех, кто помнил и знал этого человека. Стефен Вули решил, по-видимому, выступить камикадзе и взять всю ответственность за образ легендарной группы на себя. 

Фильм действительно станет легендарным, так как несёт с собой память о Брайане Джонсе и тех вещах, что он создал и показал всему миру. Я не являюсь поклонницей Rolling Stones, но, несомненно, не могу не уважать их работу и популярность, которую они получили по праву. Но именно то, что я не следила за творчеством группы, увело меня с пути скептицизма, и я сужу о фильме как о самостоятельном творении, а не об экранизации жизни и творчества Джонса.

Честно признаюсь, что В дурмане я решила посмотреть только из-за того, что там играет Бен Уишоу. Да, роль у него мала, но он играет Кита  ичардса, значит, его стоит ценить за то, что его взяли на эту, поистине достойную, роль. Тува Новотны  милая и симпатичная девушка, замечательно смотрится на экране, но, на мой взгляд, ей не хватает симпатии и уважения к своему персонажу, что есть у других актёров, и именно поэтому образ подружки того самого Джонса получился полусухим. 

Но больше всего меня поразил Лео Грегори. Жаль, что он не широко известный в  оссии актёр. Он так мне запал в душу, его улыбка так заворожила меня, а актёрская самоотдача поразила невероятно, что я поняла: хочу посмотреть фильм ещё раз. 

Хочется сказать спасибо оператору: очень понравилось, как снят фильм. Качественно и интересно. И, конечно, сценаристы  большие молодцы, диалоги со смыслом и в словах почти нет пошлости, хотя жизнь Джонса была буквально заполнена развратом. 

В общем, фильм мне понравился, хотя на Оскар не тянет. Но Золотой глобус я бы ему дала."		yes		no	yes	pos		neut	pos	
97639_2	"
Сила, мужество, вера в себя  вот те качества, которые должен воспитывать в себе каждый человек, но мы не всегда следуем этому правилу, порой просто живем, как живется, плывем по течению. Но что делать молодой девушке, которая души не чает в танцах, но ее карьера и вся радость жизни указываются под угрозой? 

Mayuri - это пример для всех, кто потерял веру в себя. После этого фильма встаешь с уверенностью, что можешь перевернуть весь свет. 

Не говоря уже о самой истории, отдельно хочется отметить дебют Судхи, как актрисы. Я не хочу обсуждать ее как человека, мне кажется и до и после меня много было и будет написано, такими людьми нельзя не восхищаться. Но меня очень поразила эта девушка, как актриса. Если честно я порой и актрисам с огромным стажем не верю, но этой девочке удалось вспомнить все пережитые ею страдания и передать их нам. Возможно, это заслуга именно ее танцевального таланта, мы ведь все знаем, что такое индийский танец, задействованы в нем оказываются не только ноги и тело, но и руки, голова, и, что главное, глаза, которые должны рассказывать нам то, о чем девушка танцует. Так что здесь Судхе просто апплодирую стоя. 

Также нельзя не отметить игру Нарьяна П. Л., игравшего папу Маюри в телугу-версии, последняя его сцена, когда он переосмысливает всю свою жизнь и плачет, когда он уходит сквозь слезы, это просто потрясающее А его эти милые смелые мечты, как вставки посреди фильма, заставляли меня расслабиться и смеяться, забывая какая на самом деле тяжелая тема поднята в фильме (в отличие от того же Black или Guzaarish Санджая Лила Бхансали). 

Вобщем, фильм оочень достойный, потрясающая постановка, операторская работа, фильм яркий, красочный, танцы, актерская игра Все на высоте. 

И даже некоторые недостатки сценария (жизнь Судхи в фильме сильно драматизировали, на деле все было несколько иначе) не могут испортить высокого мнения о фильме."		yes	yes	no	yes	neut	pos		pos	
65636_1	"
Чудесный фильм про немецкого дедушку Шульце. Герой отработал n-ое количество лет на шахте и вышел на долгожданную пенсию. Но заполучив свободу, герой понятия не имеет, как ею распорядиться. У него не осталось целей и идей. В прежней жизни он шел на работу и времени скучать не было. Теперь же ему самостоятельно приходится чем-то себя занимать, придумывать себе цели. К сожалению, это у него не очень получается. Он больше смахивает на маленького ребенка, о котором перестали заботиться родители, и теперь приходится делать это самому. Но все же, как бы безысходно он себя не вел, мир вокруг не перестал крутиться и Шульце попадает в кучу приятных и не очень ситуаций. 

Фильм довольно монотонный, серый и скучноватый как обычный день в немецком провинциальном гордке, но в то же время в нем присутствует тонкая ирония и юмор. Хорошо раскрыта тема одиночества. Нашел много общего с фильмом О Шмидте.

 екомендую посмотреть людям старшего поколения, кому эта тема более близка. Хотя я сам еще совсем молод, но получил огромное удовольствие от просмотра. 

7 из 10"		yes	no	no	no	pos				
65636_0	"Восхитительный, трогательный и очень стильный фильм о взаимодействии культур. Полька из германских пивных сливается воедино с музыкой брасс и зайдеко из болотной Луизианы. 

Баварский шахтер Шульце выходит на пенсию вместе с еще двумя своими приятелями  Манфредом и Юргеном. Теперь троица либо удит рыбу с моста, либо проводит время за нескончаемыми бутылками пива, ведя мерные беседы ни о чем. Но, в отличие от друзей, у толстяка Шульце есть и третье увлечение  он играет польку на аккордеоне, причем, продолжает отцовскую традицию. И вот, однажды, случайно включив радио, Шульце слышит иную аккордеонную музыку  луизианский блюз Zydeco. И так им проникается, что готов изменить традиционной польке! А тут еще приходит приглашение на музыкальный фестиваль в американском городе-побратиме из Техаса. В общем, судьба дает шанс непонятому в родных пивных Шульце встретиться с блюзом в его колыбели. 

А уж как убедителен исполнитель главной роли  Хорст Краузе! Ни одного лишнего движения, жеста, гримасы.  ежиссер Майкл Шорр работает очень лаконично, в основном  крупными планами, от чего в его фильме много воздуха: очень символично для истории о шахтерах. Тонкий юмор в диалогах, простые человеческие отношения, принципиальная неспешность повествования создают почти домашнюю атмосферу. Кажется, что ты  еще один персонаж этой истории, который вместе с остальными молча наблюдает за происходящим. 

Жаль только, что Schultze Gets the Blues остался единственным фильмом в карьере режиссера Майкла Шорра. Интересно было бы посмотреть и другие его работы. 

8 из 10"			no	no	yes					
79667_2	"
Продолжение истории о Покахонтас в целом мне понравилось. Графика не менее качественная, музыка не менее приятная на слух, вот только, что-то все равно не дает мне покоя и я не могу точно сказать, понравился ли мне этот мультик.

В первой части, принцессу показали нам с лучшей стороны, а во второй, несколько изменили характер девушки. Все-таки обидно, как резко и несправедливо, по отношению к зрителям изменился сюжет данного мультипликационного фильма. Очень обидно было видеть, как Покахонтас сама же и противоречит своим моральным ценностям и понятиям. Но все-таки, она по-прежнему слушает сердцем. Самое непонятное, это то, что Покахонтас 2 отличается от других сиквелов Диснея. Такого, казалось бы логичного хэппи-энда, видимого в первой части не будет. Зато, события будут развиваться совершенно в ином направлении. 

Еще один плюс мультика, что озвучка героев осталась неизменной, что очень приятно слышать.

7 из 10"		yes	yes	yes		neg				
76711_5	"
Признаюсь сразу  ну вот не смог проникнуться, хотя очень старался. Собрал все свои вкусовые рецепторы в одну кучку, тонко настроил их и ничего. Настолько пусто, что даже временами скучно.

 Конечно, отрицать красоту увиденного невозможно, глаз радуется. Также можно легко отметить режиссёрскую самобытность и общую колоритность картины. Но её простоватый сценарий, любовного характера, меня нисколько не захватил. Понятно, что всё это на поверхности, чуть глубже рассматривается место женщины и её прямая зависимость от множество традиций, что весьма сковывает её свободу. Но тема вовсе не раскрыта. 

 Несмотря на полудокументальный стиль повествования фильму явно не хватает этнических подробностей, которые сразу же заканчиваются на внешнем облике, и совсем уж неизвестных деталей, дабы зритель смог пополнить багаж любопытства, а не только занимался созерцанием. 

 Фильм всё равно буду рекомендовать к просмотру, ведь скорее всего таких толстокожих зрителей, как я, не так уж и много, поэтому большинство однозначно получит массу удовольствия от красоты увиденного.

 Всем желаю приятного просмотра!!!"		yes	yes	no						
82495_2	"
Лошадку жаль.

Фильм об очередном мужчине (ребёнке), застрявшем в критическом возрасте, во время чумы рефлексирующем о своей почившей с миром супруге (матери)  очевидное, как мне показалось, указание на то, как народные массы в лице, в частности, патриотствующих не дают покоя мертвецам, непрестанно трактуя сентенции их жития в качестве примера для подражания самодостаточным общественным образованиям.

Второй раз подряд убеждаюсь в нестарательности Эннио Морриконе  создалось впечатление, что писались (если вообще не нарезались) саундтреки (""Солнечные пятна) подряд в одной студии за один вечер с перерывом на чашечку кофе, сигарету и переживание абстиненции после того и другого. В двух словах, ни много, ни мало, а опошление скрипки, как музыкального инструмента  не могу поверить, что данные мотивы писались в период, наследствующий краутроковой революции в Германии. Неужели так сложно мотивироваться чем-то, кроме прибыли  например, успехом и талантом Popol Vuh?

Как сказал бы какой-нибудь полоумный критикан: А ещё говорят Бунюэль, Бунюэль  тьфу, да и только!

Всё же 5 ставлю за то, что Лив Ульман сумела изобразить типически необходимую для её роли сексуальность, призывая супруга, но не смея переступить через ритуальную преграду в руинах замка, а также отчаянно кратковременное наличие Орнеллы Мути  к слову, задаюсь вопросом, не является ли показательной особенностью постановки то, что молодая супруга выглядеть в значительнейшей мере привлекательней предшествующей? И почему же она не забрала детей?

5 из 10"		yes		yes	yes	neg		neg	pos	
7158_3	"
Очень смелое кино, даже для 60-х. Казалось бы, это рассказ о музыканте, который покинул свой дом, оставив свою старую жизнью, для того чтобы начать новую, история стара как мир. Но как ни странно, самого Ксавьера, на мой взгляд, в этой истории совсем мало. Его новая жизнь начинается на развалившихся жизнях обитателей этого провинциального городка, ему приходится связать свою судьбу с судьбами, а точнее их руинами, людей, которые в свою очередь испытывают крайнее любопытство, а возможно и легкую зависть, к свободе музыканта. Это конечно же, в первую очередь, бесшабашная Кэролл, потерявшая стыд и страх, а также последнюю каплю уважения жителей городка. И разумеется, это Леди, отчаявшаяся женщина, без надежды на лучшую жизнь, прикованная к умирающему ненавистному мужу, несущая в душе тяжелый груз несчастливых воспоминаний. 

Долгие, наполненные глубиной диалоги, через которые мы и понимаем, что же на душе у героев. Например, момент когда Ксавьер рассказывает о птице, с которой, как мне показалось, он символизирует свою жизнь. У этой птицы нет лапок, и она ложится спать на ветру, а на землю приземляется лишь один раз, когда умирает.

Фильм передает дух своего времени, элементарно в ментальности окружающих, в неприятии всего, что выходит за созданные обществом рамки. Где герои, там и антигерои. Морально прогнивший, умирающий муж Леди  Джейб Торранс, переполненный злобой, вечно подозревающий её в измене, но однако бессильный что-либо изменить, он пытается сделать жизнь своей жены невыносимой, и ему это неплохо удается.

Название фильма Из породы беглецов  полностью соответствует содержанию. Это бегущий от своей прошлой жизни и старых проблем Ксавьер, это убегающая от своей настоящей, ненавистной жизни Кэролл, и это Леди, разглядевшая в молодом музыканте лучик надежды на новую, лучшую жизнь, готовая бежать с ним от всего и всех и никогда не оборачиваться. Но если бы все было так просто

9 из 10"		yes				pos				
71833_5	"
Фильм Фридриха Мурнау  прежде всего о том, насколько тотален контроль общества над человеком, насколько человек зависим от того, что зовут мнение других и социальный статус.

 абота портье в отеле  престижная работа. В особенности она является символом успеха для рабочей окраины, где проживает главный герой. Он с гордостью шествует в своей форме, ведь он является примером для своих соседей. Престижная работа, устроенный быт  казалось бы чего еще желать среднему человеку? Но к сожалению главный герой стар, и на его место берут нового, более молодого портье. Перевод на новую должность  это катастрофа для главного героя. Он ничем не может воспрепятствовать этому  он фактически обречен на выживание до самого конца своих дней.

Фильм прежде всего направлен против общества успеха, которое уже сформировалось к 20-м годам. Неудачник  вызывает в таком обществе отторжение, оно изолирует его, высмеивает, загоняет на социальную периферию. Главный герой фильма после перевода на другую должность  яркий пример такого общественного изгоя. В нем ничего не изменилось, кроме общественного статуса, но теперь главный герой вместо приветствий и восхищения получает насмешки и издевательства.

Свой социальный вес  вот что хочет во что бы то ни стало сохранить главный герой. Он готов пойти даже на то что ранее никогда бы себе не позволил  на кражу и обман. Все ради того чтобы сохранить хотя бы видимость своего прежнего положения. Люди окружающие его не интересуются им как человеком  им интересна лишь его оболочка  яркая, вычищенная форма портье.

Готов ли ты переступить под давлением общества через самого себя? Как сильно ценится внутренний мир человека по сравнению с внешним? Справедливо ли общество к маленькому человеку? Это самый важные вопросы, который поднимает в своем фильме Фридрих Мурнау.

10 из 10"		yes				pos				
76711_3	"
Иранская девушка не может выйти замуж до той поры, пока не женится её дядя. Однако отсрочка следует за отсрочкой, и кочующее племя, которому принадлежит девушка, в очередной раз снимается с места. Не отчаивающийся жених отправляется на поиски отбывшей неизвестно куда возлюбленной 

Габбе в переводе означает разновидность персидского ковра. Что интересно, рамка кадра чуть ли не буквально уподобляется здесь границе этого рукотворного изделия. При всей кажущейся простоте и почти банальности сюжета, в неё вплетается изысканный авторский рисунок. 

Несмотря на обманчивый примитивизм формы, фильм, в самом деле, отличается прихотливой структурой, которая и образует притчу о рождении и смерти, жертвенности и любви. Мохсен Махмальбаф находится далеко от стереотипов современного кино и куда больше вдохновляется завораживающим богатством красок. Это заставляет вспомнить ещё одного великого режиссёра и художника: армянина Сергея Параджанова и его фильм Цвет граната.

 омантически очарованный примитивист Махмальбаф близок и грузину Нико Пиросмани. Будто незнающий языка кино, либо нарочито его игнорирующий, он предлагает здесь своего рода визуальную медитацию на тему художественного творчества. 

Тотальное отсутствие иранского кино на престижных кинофорумах было неожиданно нарушено появлением целой диаспоры мастеров, возглавляемых сравнительно молодым Махмальбафом. С конца 1980-х годов он становится завсегдатаем крупнейших мировых фестивалей, что во многом способствует созданию авторитета кинематографии Ирана."		no	yes	no	no		pos			
71833_9	"
Если составлять мой топ100 фильмов, то, думаю, 80% там составят черно-белые картины. Иной раз приъходят в голову параллели с литературой  20-30е года  античность, 40-50е  средние века, 60-70е  классики 18-19вв., 80-е  начало прошого века с Кафкой и Прустом, ну а дальше эээ современность, которая одинаково безрадостна что в послевоенной литературе, что в кинематографе 21 века.

Ну да ладно. В этот раз хотелось бы упомянуть о замечательном произведении одного из величайших режиссеров всех времен Фридриха Мурнау. Это не самый известный его фильм, однако я знаю, что многие поклонники режиссера считают его лучшим. Сюжет я пересказывать не буду, тем более, что там всё просто: рассказ о благополучии, падении и волшебном возвышении гостиничного швейцара.

Дело не в сюжете, дело в горечи, злой издевке и ясном взгляде мудреца-режиссера, в том, как, казалось бы, элементарными средствами он повествует о том, что из себя представляет человек, не конкретно этот, а любой, абсолютно каждый. В глазах уволенного пожилого мужика, которые кажутся глазами коровы, над которой занесен нож резника. В злом стебе, завершающем картину.

Настоятельно рекомендую, если Вы наслаждаетесь гоголевской Шинелью или, скажем, произведениями Салтыкова-Щедрина.

Оценка: 9 из 10 Шедевр"		yes				neut				
7277_0	"Этот французский фильм вполне может претендовать на то, чтобы войти в один ряд с Механиком и многочисленными фильмами о киллерах тех лет. Сама по себе история про независимого от системы плохого волка, который с легкостью решает самые сложные проблемы очень точно гармонировала с свободными течениями того времени. Истерическая жажда свободы находила свое воплощение в героизации киллеров  ставящих ниже себя как государственные институты, так и вопросы религии.

Фильм Жака Дерэ предполагал достаточно длительную погоню между двумя представителями такого свободного сословия. Как героические рыцари из Игры престолов  ой Шайдер и Жан Луи Тринтиньян охотятся за своими мишенями и заводят романы с яркими красавицами. Причем, если об Энн Маргрет еще можно спорить, то красота Энджи Дикинсон в том фильме была выразительно-безупречной. Но иначе и быть не могло, ибо эти герои нового времени должны были общаться только с лучшими девушками, решая самые сложные задачи.

При всей красочности показываемых зарисовок, Жак Дерэ фиксирует экзистенциальный тупик в жизни героев.  ой Шайдер вынужден ограничиваться линейным предвестием роли Макса фон Сюдофа в Трех днях Кондора. Ну, а Тринтиньян обречен на новое воплощение Самурая от Мельвиля. Его бесстрастность и жизнелюбие должны помочь в решении задач несовместимых с жизнью. Благо, актер старался, а Дерэ стремился сделать нечто стилистически искусное  выдав запоминающийся своей иррациональностью финал фиксирующий вздохи жизни. Полностью соответствуя новейшим работам пост-структуралистов того времени лента соблюдает как стилистическую суету, так и глубинный смысл, позволяющий всерьез относиться к предложенному меню. Секреты этой кухни не на поверхности. Определенно, деликатес.

7 из 10"		yes	yes	no	yes	pos				
68724_2	"
Еврей Зюсс тайком пробирается в Штуттгарт, куда запрещено въезжать евреям, и где живёт герцог Вюртембергский. Зюсс втирается в доверие к герцогу и издаёт различные указы, приведя Вюртемберг в состояние гражданской войны. Зюсс хочет сделать из Вюртемберга израилеву землю обетованную. Неожиданно герцог умирает, и Зюсса казнят.

Типичный антисемитский пропагандистский фильм Третьего  ейха показывает евреев злобными, мелочными и хитрыми созданиями. В своё время Еврей Зюсс показывался вместе с фильмом Вечный жид, где в документальной форме велась лживая пропаганда. 

Извратив роман Фейхтвангера, Файт Харлан сделал всё возможное, чтобы оправдать немцев и свалить всю вину на евреев, не гнушаясь при этом искажением фактов и акцентировании на антисемитизме.

Фердинанд Мэриэн и Вернер Краусс блестяще сыграли евреев, жадных и ненасытных. Карикатурность их персонажей была прорисована в образах. Генрих Джордж играет ленивого, толстого и плохо соображающего герцога, который, прислушиваясь к советам Зюсса, рисковал потерять государство.

В наши дни этот фильм представляет интерес только с исторической точки зрения как история развития фашизма. Его пропагандистская часть потеряла свой смысл и выглядит, по меньшей мере, наивно. Интересны также исторические типажи, костюмы и декорации  сделаны они наивно, но привлекают внимание.

9 из 10"			yes		yes		pos		pos	
69428_2	"
Поучительный, пронзительный фильм о земном чувстве под названием Любовь.

Только, каждый из героев понимает её по-своему: Дэв любит собственнически, Анжели- слепо, и только  ам любит со всей искренностью и бескорыстием, надеясь на взаимность и следуя своим принципам: Одной любовью можно одолеть ненависть!.

Он видит людей насквозь, знает как его презирает сводная семья, но остаётся ЧЕЛОВЕКОМ с большой буквы.

Если бы все так любили, как  ам, то как много было бы по- настоящему счастливых людей.

Анжели- молодая, романтическая барышня. Она так увлечена Дэвом, что не видит нахальных манер и эгоизма любимого.

Но, это увидели её родители, со всей нежностью любящие свою единственную дочь и желающие ей счастья. И не потому они противились её браку с Дэвом, что он был беден. Нет! А потому что взгляды его, презрение к людям состоятельным и безделье насторожили и отец убедился, что отдаёт Анжели в надёжные руки.

Дэв- парень, который, в своём чувстве к Анжели, любит только себя! Он не готов поступиться своими принципами, не выказывает никакого уважения к родителям любимой девушки. Однозначно, в его словаре нет слова  ади. Думает, что разбогатев, вернёт свою любовь! А когда получает отказ, идёт к своему безумному желанию самыми мерзкими путями. 

 азве такой должна быть Любовь? Нет! Она должна быть такой, как гласит цитата из Библии:

Любовь долготерпит, милосердствует, любовь не завидует, любовь не превозносится, не гордится, не бесчинствует, не ищет своего, не раздражается, не мыслит зла, не радуется неправде, а сорадуется истине; все покрывает, всему верит, всего надеется, все переносит.

Мне понравились игра актёров, красивая музыка и сюжет.

10 из 10"		yes	no	yes	yes	pos		pos	pos	
69256_1	"
Фильм Звезды Эгера подобен великому эпосу, он поражает своей эпичностью, поражает тем, как заставляет гордиться чужим народом. Причем венгерским народом, о котором, честно сказать, до этих пор было мало что известно. Вернее сказать даже  ничего.

Во время фильма самый что ни на есть стандартный этнос превращается в глазах зрителя в великую, сильную духом нацию и невольно задумываешься: а ведь у каждого народа есть такие герои, такие воины, которые своими телами закрывали врагу дорогу к их женам, сестрам, детям, старикам и просто немощным, к достояниям культуры и продолжателям рода. То, что происходит на экране можно описать одним словосочетанием  великий подвиг. То, что происходит в душе  скорее великое сожаление. Сожаление о том, что порой и сам не представляешь, какой сложный и кровавый путь пришлось пройти нашим общим предкам, людям с большой буквы, чтобы создать такое мирное мировое сообщество в наши дни. Да, не исключено, что до сих пор то тут, то там вспыхивают горячие точки, но стоит помнить, что судьба народа, страны и целого мира  в руках человека и никого более.

Технически фильм, понятно, проигрывает в глазах современного зрителя многим другим историческим лентам. Но сугубо субъективно мне картинка очень понравилась, она соответствует своему времени. Звук также поставлен очень хорошо, я бы сказал даже лампово.

В общем и целом  достойная историческая картина, заслуживающая внимания зрителей. Моя оценка:

8 из 10"			yes	yes	no		pos	pos		
71833_1	"
Фильм затрагивает проблему отношения людей, а именно вопрос значения и положения маленького человека в обществе. Что если например, житейские обстоятельства, как старость, изменят социальный статус человека, а что если это не вопрос, а просто факт, который существовал и существует по ныне.

  ежиссер Фридрих Мурнау, прекрасно показывает характер своих героев, не смотря на то, что кинолента черно-белая и немая. Мастерски показано, как люди придают значению внешним атрибутам человека и как ничтожно отношения к внутреннему миру человека. Фильм актуален по сегодняшний день"		no	yes	no	no		pos			
68242_0	"Фильмы девяностых и начала второго тысячелетия  это отдельный этап в развитии индийского кино. Больше нет злодеев, моря кетчупа и громких шлепков при ударах, драк вообще нет. 

Фильм Все в жизни бывает как раз относится к этому этапу и является одним из моих любимых индийских фильмов. Сюжет основывается на той тонкой грани, которая разделяет любовь и дружбу. Конечно, отказавшись от самых нелепых сцен, индийцы все равно сконцентрировались на несуществующих проблемах. Есть парень и две девушки. В одну из них, Тину, он влюблен, и она отвечает ему взаимностью. Другую, Анжели, он считает своим лучшим другом, но она его любит и, понимая, что он любит другую, уезжает, при этом он не понимает причины отъезда. Ну скажите, какое дело должно быть Тине до того, что она помешала развиться любви  ахула и Анжели? Я еще понимаю, если бы она увела его, но нет, он никогда не любил Анжели, даже не думал об этом. И вот, всю оставшуюся жизнь Тина зацикливается на этой бредовой идее и, умирая при родах, просит назвать дочь Анжели. Похоже она сошла с ума. Также вместо того, чтобы попросить у мужа перед смертью, чтобы он нашел Анжели и женился на ней, когда будет готов (раз уж ей этого так хочется), она ждет восемь лет и в письме своей дочери на день рождения пишет, чтобы она воссоединила отца и Анжели. Зачем выдерживать этот восьмилетний интервал? Не хотела говорить самому  ахулу, так сказала бы его матери. Или это дань уважения самой себе? Тогда вообще зачем это было затевать? И почему она так уверена, что ни  ахул, ни Анжели за столько лет не женятся? Далее начинается операция по поиску Анжели дочерью в компании с бабушкой, встреча Анжели и  ахула (который как последний кобель начинает за ней увиваться, конечно, ведь она стала женственной, хотя не замечала, чтобы до этого она не ухаживала за собой, но ведь это индийское кино и ненакрашенных женщин в нем не увидишь) и традиционное индийское расстройство свадьбы. В конце жалко Омана, но индийцы всегда любят расстраивать свадьбы. 

Актерский состав замечательный. Конечно, Шахрук Кхан страшен как обезьяна, но он прекрасный актер.  ани Мукхерджи и Каджол играют замечательно, это мои любимые индийские актрисы.  ани так красиво улыбается. Девочка Анджели мне не очень понравилась, слишком ее много.

В итоге, несмотря на то, что задумка хромает на обе ноги, это очень красивый смешной фильм с потрясающим актерским составом и замечательным музыкальным сопровождением, и это первый индийский фильм, в котором я не увидела глупых драк с рукопашным боем и злодейских злодеев, так что

8 из 10"		yes		yes	yes	neg		pos	pos	
68319_2	"
С разницей меньше года вышли на экраны два фильма, выписавшие период средневековых мук и ломки своих государств  советский Андрей  ублев и, практически неизвестная у нас, чехословацкая Маркета Лазарова. Обе ленты в своих странах, да и, пожалуй, в мировой истории кинематографии стали картинами эталонными с точки зрения высокой художественности, операторской работы и, главное, реалистичности. 

Новаторский, для того времени картонных доспехов и жестяных мечей, нарочитый, выпуклый реализм, отображение грязи, крови, смерти поразил современников и определил направление исторического кинематографа на десятилетия. Средневековье, как оно есть без благородных рыцарей и прекрасных дам, мудрых князей и красивых поединков  мрачное, серое, унылое, но все-таки с проглядывающей местами сквозь отблески костров человечностью.

То ли Богемия, то ли Моравия, замшелый тринадцатый век, глубинка, до короля далеко, да и не поможет он скорее всего, на диких лесных дорогах шастают то ли рыцари, то ли разбойники. Сама Маркета по воле случая попадает в разбойничью слободку дикого семейства Козликов, да так и останется там, созерцая и участвуя в мрачных событиях противостояния старой Чехии и новой, постепенно надвигающейся королевской власти, старающейся изжить и прижать все то древнее, буйное, полуязыческое, что еще кроется в глуши болот и лесов.

Фильм смотреть физически сложно, несмотря на гениальную даже для нынешних искушенных времен режиссерскую и операторскую работу. Слишком страшны и жестоки экранные события. Если Тарковский делит эпизоды Андрея  ублева, чередуя мрачнейшие картины с полными света и надежды, то здесь просто сумрак и чернь, безнадежная и жестокая борьба с разве что малой толикой любви. Но затраченные усилия вознаградят зрителя сполна.

10 из 10"			yes	no	no		pos			
70089_7	"
Как же я рада, что хоть и совсем недавно, но узнала о существовании этого фильма. Весь фильм я просто восхищалась такой искренней игрой этих маленьких актеров. Насколько это все было чувствительно.

Понетт воспринимает смерть совершенно по-своему. Для нее не закончилось существование мамы, и в течение всего фильма она ищет пути встречи с ней. Ее отец и сам слишком растерян, чтобы утешать еще и ребенка. Его попытки рассказать дочери, что же случилось с мамой, разбиваются о ее детское восприятие.

Отец: Мама умерла. Ты знаешь, что это значит?

Понетт: Да. Она летает со своим волшебным зеркалом.

Сердце разрывалось от этой картины, то, насколько глубоко она переживала смерть мамы, просто не оставляет равнодушным. Диалоги фильма можно выписывать и выписывать. И думаю, что они лучше расскажут о фильме, нежели я.

Дельфина: Ты не должна быть такой грустной.

Понетт: Нет, должна.

Понетт: Я жду свою мамочку.

Матиаз: Умершие люди не возвращаются.

Понетт: Иисус сделал это для своих друзей. Я больше, чем друг. Я дочка своей мамочки.

Матиаз: Дедушка никогда не возвращался.

Понетт: Это потому что никто не ждал его.

Матиаз: Понетт ждет свою мамочку.

Тетя: Это просто игра.

Матиаз: Нет, она действительно ждет.

Понетт: Я видела свою мамочку.

Отец: Ты ходила одна на кладбище? Ты что сумасшедшая?

Понетт: Она пришла в своей плоти, так что она не напугала меня. Она сказала, что я должна научиться быть счастливой.

Слезы Понетт. Но она дождалась своего. Она встретилась со своей мамой. И решила быть счастливой. Ведь так сказала мамочка.

Я советую этот фильм обязательно."			no	no	yes				pos	
65855_1	"
За последнее десятилетие популярность азиатского хоррара возросла. Во многом благодаря закрученному острому сюжету и мистической составляющей линии таких картин. А еще в этих фильмах очень много драматизма. И данный фильм не исключение. И он в большей мере тяготеет к драме, нежели к фильму ужасов. Поэтому, не надейтесь увидеть здесь черноволосых привидений и прочую нечисть. Здесь этого нет. Любители мистики, экшена, динамичного сюжета и луж крови будут разочарованы. Этот фильм покажется им скучным и нудным. Это не спеша раскрывающаяся картина с очень тонким психологическим сюжетом. 

Очень интересно наблюдать за главным героем фильма  молодым простым парнем, работающем таксистом. Особенно за его подражанием Брюсу Ли. Но по ходу фильма мы понимаем, что наш герой не так-то прост, как кажется. Не плохо передано изменение его поведения, резко меняющееся к концу фильма, влияние на его психику окружающей обстановки. 

Актерская игра в этом фильме на высоте. Особенно исполнителей главных ролей. А вот сценарий в этом фильме не лишен шероховатостей. После просмотра остается послевкусие недосказанности, не раскрытости. В фильме существует много моментов, которым уделили мало внимания.

Это кино не для всех и оно понравится далеко не каждому зрителю. Поэтому перед просмотром стоит подумать,  относитесь ли Вы к любителям данной категории фильмов? Но если Вы ценитель подобных картин, то приятно Вам просмотра!

7 из 10"		yes	no	no	yes	neg			pos	
63930_4	"
На фильмы, способные вызывать у аудитории диаметрально противоположные чувства, всегда смотришь с особенным интересом. Картина Приключение, снятая Микеланджело Антониони более полувека назад, относится именно к этой категории. В своё время её успели и обстоятельно отругать критики Каннского кинофестиваля, и поместить в список лучших фильмов всех времён аж на второе место, после Гражданина Кейна Уэллса. И тот факт, что временной интервал между этими событиями составил всего два года, свидетельствует если не о быстром признании творческого гения итальянского режиссёра, то, по крайней мере, о мощном влиянии его необычайного для тех лет, по сути революционного подхода к форме и содержанию.

Безлюдный или кажущийся таким южноевропейский вулканический остров, омываемый бушующими волнами и робеющий под пристальным взглядом неба. Для кого-то он станет идеальным местом для отдыха, для других  нейтральной территорией, для третьих  отправной точкой нового приключения c трагическим оттенком. Для Антониони он стал важной частью его понимания действительности  соединить цивилизационное с первозданным, поместив человека в девственные природные условия и наблюдать за изменениями его сознания и тела. В этом плане Приключение  не единственный его фильм, в котором используется этот приём  наиболее известным примером является Забриски Пойнт.

Пороки и добродетели европейского капиталистического общества, без критики которых не обходится почти ни одна лента Антониони, демонстрируются здесь с чувством меры, всё это  не более чем символика на фоне основополагающих форм бытия  времени и пространства, которые именно в творчестве Антониони фактически обрели свою подлинную сущность. В данном случае они прямо противопоставляются друг другу. Ускользающее от людей Время всегда обманчиво, можно ощутить лишь его движение, тогда как Пространство чувствуется постоянно. И герои Сандро и Клаудии, сами того не осознавая, попадают под власть первого, непростительно быстро забывая о том, что испытывали после исчезновения Анны и во время поисков на острове. Начинается исчезновение исчезновения. То, что раньше казалось им самым важным, вскоре становится второстепенным. Во второй части фильма отчётливо показано, что главные герои способны осознавать своё положение. Первоначальная эйфория от мнимого счастья обретённой близости сменяется чем-то вроде внутреннего страха, и здесь к делу подключается его величество Пространство, на фоне которого герои фильма попросту теряются во всех отношениях. Преследуемые чьим-то невидимым взглядом, возможно, самой Анны, они мечутся в поисках чего-то, застывают в нерешительных раздумьях, нередко поворачиваются к зрителям спиной, избегая прямого взгляда камеры, как бы подчёркивая своё ничтожное, беспомощное положение. В большей степени это относится к Сандро и Клаудии, но касается практически каждого персонажа картины. Совершенно банальные, на первый взгляд, темы обретают значение непостижимой философии человеческого бытия. 

Эта картина оставляет у зрителя очень сильные чувства и эмоции, в том числе и восхищение игрой некоторых артистов. В первую очередь, это относится к Монике Витти, утончённой итальянской красавице, для которой именно этот фильм стал пропуском в новый мир итальянского философского кино одного режиссёра. Один из лучших образцов европейского модернистского кино 20 века, открывший дверь в новый, призрачный мир человеческой некоммуникабельности и отчуждения, а потому не имеющий права быть забытым."	63930_9	yes	yes	no	yes	pos	pos	neut	pos	"""Необычайный подход к форме и содержанию"" делает мнение об операторской работе и спецэффектах положительным.
""Эта картина оставляет у зрителя очень сильные чувства и эмоции, в том числе и восхищение игрой некоторых артистов"" обозначает положительное мнение об игре актеров и, в целом, о сюжете.
Про музыкальное сопровождение ничего не сказано."
63991_4	"
Нет, вы все-таки можете поверить в то, что было показано во второй части уже нескончаемой эпопеи о пиратах? Это было настолько впечатляющим и разрушительно-будоражащим зрелищем, что только и оставалось рукоплескать до онемения ладоней. Именно по качеству картинки и созданным визуальным эффектам Сундук мертвеца превзошел по зрелищности Проклятие Чёрной Жемчужины. 

 В центре сюжета на этот раз очередные оригинальные приключения капитана Джека Воробья и его команды, а также старых друзей и просто знакомых. Главным отрицательным персонажем или антагонистом является сам шкипер Летучего Голландца  Дейви Джоунс! Ох, как же специалисты по визуальным эффектам умудрились создать его образ и образ его команды! С явным уклоном в сторону морских обитателей: каракатица, акула-молот, омар и т. д. Вот как раз с этими парнями и пришлось столкнуться нашему бравому джентльмену удачи Джеку Воробью. Хотя перед этим ему пришлось отбиться от приставаний одного племени каннибалов. Как всегда, в стиле капитана Чёрной Жемчужины, весь этот отрезок проходит весело, непринужденно, захватывающе. С одной стороны побег Джека, с другой побег его команды в сплетенной из костей корзине вызывают единодушный смех. Как же расстроились бедные каннибалы, когда просили вернуться назад уплывающего от них своего вождя. Но оказался тут как тут тот самый пёсик с ключами в зубах из первой части, так что все мысли о Джеке уже сразу улетучились. Между прочим, в специальном двухдисковом издании Сундука мертвеца после титров есть очень занимательная сцена. Это я к тому, что не стоит мгновенно выключать телевизор или монитор после титров. 

 Молодой да храбрый Уилл Тернер неожиданно находит своего родного отца. И не где-нибудь на острове в Карибском море, а на судне Летучего Голландца! Вот так ирония сыграла шутку с ними обоими. В то время как Элизабет Суонн вместо того, чтобы сидеть сложа руки за решеткой, решает сама найти своего благоверного с помощью, конечно же, капитана Джека Воробья. В это время еще возникает позабытый вроде бы персонаж по фамилии Норрингтон. Честно, в этой части сценаристы дали ему больше пространства для действий. Не было уже той чистой формы, стойки, командорской вежливости и выдержки. Также от души путешествуют с главными героями и старая команда Чёрной Жемчужины: два брата, маленький и толстенький, высокий и худенький, матрос преклонного возраста с попугаем, которого невообразимо как научил разговаривать за себя, маленький удалец с короткими ножками и всегда преданный, точно Санчо Панчо Дон Кихоту, Гиббс. 

 В фильме столько запоминающихся сцен, что поневоле даже не можешь решить, какой же самый любимый. Та битва между Тернером, Норрингтоном и Джеком в колесе была превосходной со всех точек. Безудержная фантазия сценаристов сыграла блестящую партию в этот момент. А сцены с Кракеном? О да, меня всегда забавляли и пугали одновременно мысли о морских чудищах! Всегда представляю себе гигантского осьминога, кашалота, кальмара, снующих под водной гладью, да так, что трудно заметить их перемещения. До этого я был не удовлетворен образами, созданными в других фильмах, касающихся этой тематики именно. Но вот в Сундуке мертвеца осьминог был создан в самом наилучшем варианте, о котором можно было лишь мечтать. Вы поймете это, увидев момент, когда Джек Воробей останется наедине с Кракеном. 

 В общем, опять спешу выразить благодарность всем создателям этого одного из самых зрелищных произведений в истории кинематографа. Остались те же оператор Дариуш Вольски, сценаристы Тед Эллиотт и Терри  оссио, продюсер Джерри Брукхаймер, режиссер Гор Вербински. Сменился лишь композитор  вместо Клауса Бадельта в команду был принят один из самых ныне знаменитых композиторов Ханс Циммер. И в музыке Ханс Циммер решил добавить еще более эпические нотки, только превознося в фильм масштабный облик. Чего стоит только игра на органе!!! 

 Я получил истинное удовольствие от этого фильма. Ведь на то он и рассчитан, чтобы развлекать и радовать зрелищностью. Так что на время можно запереть в сундук весь свой снобизм, который присущ настоящим ценителям магии киноискусства, к коим отношусь я сам, и получать наслаждение от просмотра. Потому что в другом сундуке находится сердце Дейви Джоунса, а это сулит огромные перспективы тому, кто завладеет им, уже в следующей части  На краю света. Между прочим, там же появится совсем неожиданный герой. Я о самой последней сцене фильма. Тот, кто видел, сразу же поймет! 

 За такое шикарное во всех смыслах творение не могу не поставить 8 из 10. Все-таки заслужил того Сундук мертвеца. Свистать всех наверх, идем на абордаж! Поиски капитана Джека Воробья начинаются! Йо-хо-хо!"	63991_9	yes	yes	yes	no	pos	pos	pos	neut	"""Это было настолько впечатляющим и разрушительно-будоражащим зрелищем... Именно по качеству картинки и созданным визуальным эффектам..."" дает понять, что отзыв о сюжете и об операторской работе и спецэффектах крайне положителен.
Мнение о музыкальном сопровождении тоже положительно - ""Чего стоит только игра на органе!!!""
Мнение об игре актеров не выражено."
64081_5	"
После просмотра фильма меня просто переполняли сильнейшие эмоции. Начало фильма не вызвало бурного интереса, по крайне мере первые 20 минут  какой то непонятный бред в глупой манере. Порадовало разве что появление на несколько минут  ани Мухерджи. А потом как понеслось, как закрутилось!

Сюжет фильма: главный герой, Дев, тот еще бездельник и ловелас, ради материальной выгоды решает жениться на дочери крупного промышленника. Отправляясь к будущим родственникам на теплоходе, Дев намеревался весело погулять на сей громадной посудине, ан нет, не вышло. Тем же путем направляется к своему жениху Прия, победительница фестиваля азиатской музыки и танца, чистая и невинная девушка. После нескольких недоразумений и взаимных подколов они становятся друзьями и вскоре понимают что попались в сети любви. Дев, как настоящий мужчина первым говорит о своих чувствах, но Прия отвергает его, вспомнив о женихе, который кстати как мне показалось испытывает к ней больше братские нежели романтические чувства. Однако подумав она все же признается что любит Дева. Но у нее есть условие: каждый пусть идет своей дорогой, а через шесть месяцев они встретятся у назначенного места, но если один из них не придет  другой не будет его искать. Таким образом время расставит все по своим местам и проверит их чувства. Дальше начинается самое интересное.

Аамир Кхан  Каран Дев Сингх. Для меня персонаж Дева делится на две части: Дев до встречи с Прией и после нее. Потрясающее перевоплощение из циничного ловеласа в верного и трудолюбивого парня. Просто идеал любой девушки! А как он зарабатывал на жизнь своими руками, причем делал это впервые, да что там, один взгляд на свои первые заработанные деньги чего стоит! Думаю это тронет любого. В жизни такое понятное дело редко бывает, поэтому так приятно видеть в кино подобные примеры. Одинаково правдоподобно сыграл совершенно разный тип людей. Вот за что ценят зрители Аамира Кхана: не за внешность, родительские деньги или что то еще, как некоторых в Болливуде, а за грандиозный талант! Браво! 

Маниша Койрала  Прия Варма. К сожалению она меня не впечатлила. Думаю буду не единственная, если скажу что не слишком миловидна она для главной роли. На главных ролях хорошо смотрятся если не красавицы, то как минимум симпатичные девушки. На протяжении всего фильма меня раздражала внешность Маниши, что не скажешь об ее актерских данных. Играла она хорошо, смеялась искренне и плакала натурально. Но на мой взгляд не ее эта роль.

Несколько слов о песнях: да, мотив самым наглым образом копирует итальянские хиты, но как мило это смотрится. Особенно понравилась индийская версия La Shante Mi Cantare и песня героев за роялем, не помню название. 

Ценителям настоящего индийского кино смотреть обязательно!

9 из 10"		yes	no	yes	yes	pos	neut	pos	pos	"Мнение об игре актеров положительное (""Одинаково правдоподобно сыграл..."", ""Браво!"", ""Играла она хорошо...""), общее мнение о сюжете тоже (""как понеслось, как закрутилось"").
Про операторскую работу и спецэффекты ничего не сказано, зато про музыкальное сопровождение автор ответил, что оно ""мило смотрится""."
70911_0	"Так уж устроен человек, что у него всегда кто-то виноват. Недоброжелатели (в круг которых могут входить: как враги, так и друзья), родственники, начальник и даже правительство с самим президентом. Не виновато лишь его собственное пористое тельце, способное бесконечно долго жалеть себя любимое, утыкая свой слезливый носик в жилетку то одного, то другого мнимо сочувствующего.

Великолепная задумка француза Андре Кайата, показать две диаметральные точки зрения, в конфликте муж  жена, где каждый из героев последовательно изображая себя чуть ли не святым, выставляет вторую половину почти полным ничтожеством. Две серии фильма  два идеалистических взгляда персонажей на самих себя, какими они видят себя изнутри своего всеобъемлющего Я.

Искусный кинематографический диптих о супружеской незрелости, где слово любовь ставится самой парой в тройные кавычки. Где оба считают себя жертвой, но никто в истинную жертву, себя принести не хочет. Жан-Марк должен сделать, как мужчина чуть больше, а Франсуаза должна быть, как женщина чуть более чиста, нет зачем. Каждый лезет вынимать соринку из чужого глаза, да только его собственный взгляд перевешивает огромное бревно.

Слепота духа, как моральная аллергия помноженная на степень ограниченности, имя которой глупость, ведёт обоих к закономерному одиночеству. Истина оказывается действительно в вине, да только в вине собственной, но такой ракурс не одному, не второй, как оказывается недоступен.

Фильм был бы совсем гениальным, если бы Кайат снял и третью серию, как всё было на самом деле. Хотя  стоп, какое на самом деле, ведь это была бы ещё одна субъективная точка зрения, теперь уже самого режиссёра. А так получился идеальный двуполярный памфлет, где и самому зрителю трудно занять чью либо точку зрения и он складывая обе позиции, занимает свою  доснимая эту третью, нейтральную серию, у себя в голове.

8 из 10"		yes	no	no	no	pos	neut	neut	neut	"Об игре актеров, музыкальном сопровождении, операторской работе и спецэффектах ничего не сказано.
Сюжет явно заинтересовал автора."
7158_1	"
Этот фильм состоит в основном из диалогов, но именно они создают атмосферу фильма, держат тебя в напряжении до самого конца.

В центре фильма стоит музыкант бунтарь Ксавьер, плавно прожигающий свою жизнь в ночных клубах, но после того, как он попал за решетку, он осознал, что хочет уйти от всего этого, ему уже 30 и пора подумать о чем-то более важном в жизни. Он берет свою спутницу-гитару и уезжает, чтобы начать новую жизнь. Этого человека играет великолепный Марлон Брандо.

Джоэнн Вудворд играет молодую бунтарку Кэрол, которая всеми силами хочет добиться внимания Ксавьера, но она слишком напоминает ему прошлое, от которого он хочет уйти, и ее безнадежные попытки приводят к различным безумным выходкам.

Ксавьер устраивается на работу в обувной магазин и знакомится с немолодой хозяйкой с весьма необычным именем Леди, которая живет с больным, озлобленным мужем. Ну, в общем, женщина, с которой нехорошо обошлась жизнь, влюбляется в Ксавеьра, с ним вместе она вновь полюбила жизнь, но как это опасно  встречаться с замужней женщиной.

Стоит отметить, что Леди здесь сыграла неизвестная мне актриса Анна Маньяни и сыграла не просто великолепно, но даже не хуже Марлона Брандо, а это очень трудно. В общем, незабываемый фильм на все времена."		yes	yes	no	yes	pos	pos	neut	pos	"О музыкальном сопровождении ничего не сказано.
Высказано, что фильм держит в напряжении до самого конца, так что мнение об операторской работе положительно.
Не раз сказано про великолепную игру актеров.
"
78993_2	"
Ильза  свирепая тюремщица  это как бы третий фильм про маньячную тетку Ильзу, только здесь она вроде как уже Грета. Не знаю, с чем это связано, может с какими-нибудь авторскими правами или чем-то в этом роде. По крайней мере, режиссер здесь уже не Дон Эдмондс, а легенда эротического хоррора Джесус (Хесус, Иисус) Франко.

Понятно, что появление в фильме небезызвестной Лины  омэй было неизбежным. Франко любит снимать в своих фильмах свою же супругу. Кроме того, в этом кино присутствуют и некоторые сцены из фильма Куколки за колючей проволокой, который так же снят Хесусом Франко. 

В общем, мужик решил немного навариться на популярности Ильзы и снял про нее свое кино. Для Франко это вполне нормальная ситуация. Любит он эксплуатировать эксплуатационное кино, простите за каламбур.

На сюжете лишний раз останавливаться, полагаю, смысла нет. Все довольно стандартно для фильмов данной тематики  насилие в самых разнообразных формах женщинами над ними же. Сменились лишь декорации с барханов на джунгли.

Что касается актеров то мне хочется отметить двух актрис. 

Во-первых, жутко отвратительная и прямо сказать мерзкая бабенка Дайан Торн. Честно сказать, до нее никогда не сталкивался со столь отвратительной актрисой. Пусть не обижаются на меня ее поклонники, но у Дайан очень некрасивое лицо и большой бюст ничуть не исправляет этого положения, а даже делает эту актрису еще более гротескной. Хотя, для фильмов подобного рода она подходит идеально. Ее начинаешь ненавидеть уже с первых минут ее появления. 

Во-вторых  Лина  омэй, а точнее  оза Мариа Алмиралл Мартинес. Удивительно, как такая милая и красивая девушка умудрилась спутаться с мастером эротических ужасов, мне остается непонятно. Но судить по человеку только о внешнем виде, было бы не совсем верно. Лина, любительница обнажиться перед камерой, что проделывает и до сих пор, несмотря на довольно почтенный возраст. Кроме того, красавица не брезговала и порнофильмами. Тем не менее, она каким-то образом умудрилась сохранить самый невинный вид среди большинства актрис этого жанра.

Больше, увы, фильм ничем и не запомнился, да и наличие в нем указанных актрис и самого синьора Франко положение не спасают. Фильм мне не понравился

2 из 10"		yes	no	no	yes	neg	neut	neut	neg	"В этом задании нужно выбрать негативное мнение автора о игре актеров и о сюжете, так как ему явно не понравилось это все, о чем и сказано в отзыве
О музыкальном сопровождении не сказано ни слова, так что отвечаем соответственно.
Мнение об операторской работе и спецэффектах так же выражено не было, хотя автор и много рассказал о режиссере."
79667_5	"
Да, действительно, два совершенно разных мира. Мир первой части Покахонтас и ее продолжения. 

 Глубина чувств, описанных в первой части, красочность, эмоциональность  все это зритель переживает вместе с героями, слушая голос ветра и свое сердце. Любовь, которая преодолевает такие преграды, как: культура, боль, смерть, войнаЛюбовь Покахонтас и Джона Смита в первой части  совершенно искажается во втором фильме, как и сами персонажи. 

Покахонтас, которая в первой части показывала свою свободолюбивую, благородную, глубокую натуру, свою мудрость, верность и настойчивость, даже мужество и бесстрашие, здесь в сиквеле, потеряла половину всех своих лучших качеств. Она превратилась в комедийного персонажа. И фильм приобрел оттенок комедийности: стало больше сцен, которые не несут смысловой нагрузки, но они веселят зрителя, что, конечно, привлекает к просмотру большее количество людей. Сюжет в целом потерял последовательность и логичность. Например, сцена в снегу, где Покахонтас видит компас Джона Смита  здесь она все еще любит и помнит его, ветер еще рисует его силуэт на ледяном водопаде. Но заметьте, что через некоторое время, сцена на берегу  здесь Покахонтас уже с интересом смотрит на Джона  ольфа, постепенно влюбляясь в него. Сам Джон  ольф  высокомерный и глуповато-веселый персонаж, и странно, что Покахонтас предает свою любовь к Джону Смиту ради него.

 Джон Смит полностью преображаетсяИз смелого, мужественного героя, он постепенного превращается в гордого и легкомысленного, даже посредственного. Он больше не следует за Покахонтас, он тоже больше не поддерживает ее, называя ее поступки безумными. Странное ощущение, как будто Джона Смита из первой части разделили на двух персонажей во второй, сделав Джона  ольфа  положительным, а Смита  отрицательным. 

Мне жалко детей, которым интересно увидеть уже знакомых персонажей счастливыми и влюбленными, им сложно привыкать к новому главному героютем более к такому как Джон  ольф. 

Создатели сиквела просто напросто разрушили все детские мечты, сделав из печальной драматической истории посмешище и ряд несвязанных и пустых сцен, которые так и хочется переделать

Что жкаждый человек видит историю о Покахонтас по-своему. И с какой стороны ее смотреть, решать только вам. 

1 из 10."		yes	no	no	no	neg	neut	neut	neut	"""Сюжет в целом потерял последовательность и логичность"", так что соответствующее мнение отрицательное.
Про прочие вопросы ничего сказано не было."
81297_5	"
А Вы бросали вызов богам? Так зачем жалеете тех, кто пытался преодолеть этот рубеж и заплатит за все это своей жизнью? Отметите свою жалость, они всегда от нее бежали, цеплялись, карабкались от стонов полных жалости.

Мой ребенок может сломать там руку, Мое драгоценное чадо может прийти с синяком, А вдруг ему будет больно,  кого Вы жалеете? Только себя! Опустили свой шанс, а теперь не хотите его подарить?

Посмотрите этот фильм, фильм о том, как стать бессмертным  стать в истории не просто статистической единицей, а обрести имя. Поставить на кон жизнь? Так это все философия о том, что такое жизнь и как с ней обращаться, но если твоего имени нет в журналах, если о тебе не говорят и не вспоминают, то размышлять о жизни  это тешить себя надеждой на то, что ты нужен но вот только кому?

Прекрасный фильм с прекрасными актерами, и как всегда неподражаемым Клином Иствудом, в роли Вас самих  с терзаниями в душе, а что же такое жизнь? Посмотрите на себя со стороны и вы найдете много общего с этим героем, даже его стремление отсрочить шанс  это Ваша жизнь.

А кто такая героиня Хиллари Суэнк? Никто, до тех пор, пока она не перестала думать о смысле жизни. Она и не думала, она действовала  Олимп стал заветной целью, а ради такого триумфа можно ан кон поставить все.

Две личности, две судьбы  один ринг.  инг на котором только пот кровь.  инг который рождает героев, и тот же ринг  хоронит мечты тысяч в одни минуту.

А может хватит и свою жизнь хоронить на ринге?"		yes	no	no	no	pos	neut	neut	neut	"Мнение об игре актеров не выражено, сказано только, что они сами прекрасны и неподражаемы. О музыкальном сопровождении, операторской работе и спецэффектах ничего не сказано.
"
8251_6	"
С начала времен женщины искушали и соблазняли мужчин, что приводило к различным последствиям (от изгнания из рая до войны за Железный трон), и образ роковой искусительницы прочно обосновался в мировой культуре. В кинематографе особенно щедро образ роковой красотки эксплуатировался в нуаре, хотя, естественно, соблазнительницы всякого рода нередко встречаются и в других жанрах киноискусства, например, в комедиях. И если в нуаре, окутанная тенями и табачным дымом, искусительница предвещала беду, то в комедии она становится причиной череды комических ситуаций, являясь особой чрезвычайно остроумной или, наоборот, беспросветно глупой (обе эти крайности одинаково хорошо создают комические ситуации). Чаще всего в попытках соблазнить мужчину она влюбляется в него, и все ее прежние планы идут насмарку. 

Так и происходит в комедии Леди Ева режиссера Престона Стёрджеса. Джин (Барбара Стэнвик) и ее отец в поисках новой добычи оказываются на океанском лайнере, плывущем из Южной Америки в Северную. Они  карточные шулера, раздевающие до нитки миллионеров всех мастей. И на этот раз их целью становится Чарльз Пайк (Генри Фонда), молодой сын пивоваренного магната, оказавшийся под пристальным вниманием женского пола всех возрастов сразу же после того, как он взошел на борт. Джин берется за соблазнение бедняги, который целый год был лишен общества женщин, предпочтя ему змей Амазонки. И вот они уже вдвоем, прижавшись щека к щеке (он  одурманенный ароматом ее духов и ее близостью, она  поддавшись очаровательности момента), рассуждают о любви, которая уже начинает расцветать в их сердцах. Однако Чарльзу все же предстоит узнать правду о первоначальном замысле Джин

Сюжет картины, сам по себе, довольно прост, но он расцветает яркими красками благодаря остроумным диалогам и харизматичным персонажам. Даже самые незначительные персонажи, появляющиеся буквально на пару минут, вносят значительный вклад в комедийную составляющую, бросая фразы, которые можно смело разбирать на цитаты. Кроме диалогов зрителя ждут еще неловкие падения и другие казусы, в результате которых будет испорчено целых три смокинга. И вместе с тем, фильм может похвастаться парочкой чувственных сцен, способных вскружить голову натурам особо романтическим. 

На вершине всего этого  великолепная игра актеров. Точнее, следует сказать, что она в основе всего этого. Леди Ева полностью принадлежит Барбаре Стэнвик. Она блистает в роли Джин, привнося покоряющий шарм и подкупающую непринужденность в образ этой мошенницы. И сколько бы мошенниц не появлялось на экранах больших и малых, столь очаровательной не было ни до, ни после. А Генри Фонда неизменно вызывает улыбку в роли простачка, которого остроумная Джин раз за разом обводит вокруг пальца. 

И если в фильме и проскальзывают образы, намекающие на Еву, познавшую добро и зло, и проползают змеи, обычно являющиеся символом коварства, то они выступают в качестве озорного оформления антуража картины. Джин нельзя назвать коварной, она просто занимается тем, что у нее хорошо получается. И она так бы и дурачила мужчин, если бы любовь не спутала ей карты. Таким образом, на главную героиню не ложится тень злого умысла, она обвораживает живостью ума и простотой жестов. А сам фильм пленяет зрителя своей легкостью, непосредственностью, изобретательными шутками и романтическим настроением. 

 9,3 из 10"		yes	yes	no	yes	pos	pos	neut	pos	"""Великолепная игра актеров"" явно выражает мнение автора о ней.
О музыкальном сопровождении ничего не сказано.
Сюжет восхитил автора, операторская работа и спецэффекты так же высоки, так как ""фильм пленяет зрителя своей легкостью, непосредственностью, изобретательными шутками и романтическим настроением""."
84995_0	"Несмотря на всю абсурдность сюжета, этот фильм  вполне жизненный и актуальный. Ну, разве так уж фантастичен один из главных лозунгов истории: Политика  это шоу-бизнес?

Франция пережила волнения 1968 года. Мир всеобщего потребления трещит по швам. Проститутки заявляют о своей борьбе за место на тротуаре. В развивающихся странах пылают революции. Музыканты становятся главнее политиков. Вот в этой мутной воде и ловят золотую рыбку пятеро прожженных гангстеров. Они встречают в политические и социальные баталии с одной единственной целью  заработать. 

Лучше всего устремления героев характеризуют два эпизода. Первый  когда они продают лидера повстанцев сразу трем противоборствующим сторонам. Второй  когда по договоренности сторон похищают популярного эстрадного певца, чтобы создать ему громкую рекламу и заработать самим. 

Лино Вентура здесь  величина номер один. Он запросто справляется с комедийной ролью, не делая ничего особенного, чтобы намеренно рассмешить зрителя. Единственным исключением является репетиция итальянской походки, но кто бы отказал себе в удовольствие немного подурачиться? 

Эх, если бы еще хронометрах был поменьше, а действительно смешных шуток побольше В американский прокат картина вышла под именем Деньги, деньги, деньги, что, на мой взгляд, является замечательной альтернативой оригинальному названию. Фильм показали на открытии Каннского фестиваля 1972 года, но не ждите от него пищи для ума. 

7 из 10"		yes	no	no	yes	neut	neut	neut	pos	"О музыкальном сопровождении, операторской работе и спецэффектах ничего не сказано, сюжет абсурден, но вполне жизнен и актуален, четкого мнения не выражено, так что надо выбрать ""Нейтральное"".
Игра актера на примере одного человека явно хороша."
86333_2	"
Не скажу, что являюсь ярым поклонником творчества  оллингов, но знаю о них не мало. Поэтому на предложение посмотреть этот фильм без раздумий сказала: Да, конечно. И не разочаровалась. Признаться честно, картина мне очень понравилась. 

 Авторам удалось передать какую-то особую атмосферу того времени. Я ее прочувствовала и пронесла через себя. Да, на первый взгляд картина нудноватая, а игра актеров, мягко говоря, желает лучшего. Но затем что-то происходит и отношение меняется. И к Брайану Джонсу, и к его стилю жизни, и его окружению.  итм фильма в какой-то момент просто пленит. Там все такое чисто британское: колористика, атмосфера, интерьеры Навеевает очень странные, едва уловимые чувства. 

К середине фильма я прониклась недюжинной симпатией к главному герою. Не смотря на свой образ жизни, он вызывает весьма стойкое чувство восхищения, и уж никак не жалость. Нет, жалости он не вызывает. Он не из того разряда людей. 

 В общем, саму картину оценить непросто. Здесь ставка делается на поклонников легендарного музыканта, но и киноману есть что почерпнуть. 

7 из 10"		yes	yes	no	yes	neg	pos	neut	pos	"Мнение об игре актеров нейтрально, так сказано, что она оставляет желать лучшего, но по ходу сюжета отношение меняется.
Явно выражено, что сюжет интересен.
Сказано, что фильм пленит, хорошо подобраны колористика, атмосфера и интерьеры, так что мнение об операторской работе положительно.
Про музыкальное сопровождение ничего не сказано."
94628_0	"Когда я был маленький, у меня тоже была бабушка (с)"". Однажды я лежал в больнице, и моя мама взяла и стала читать мне вслух замечательную книгу замечательного советского писателя Яна Ларри Необыкновенные приключения Карика и Вали. До этого я видел только отрывки из вот этого самого фильма, и гигантские насекомые здорово меня тогда напугали. Особенно громадный жучина, который поднимается из воды и нависает над беззащитными спящими Валей и Кариком (тогда я не знал, что режиссеру захотелось поиграть в сказку, и жук хороший).

Книга же захватила меня целиком и полностью. Затаив дыхание слушал я ее, и вместе с героями переживал вся тяготы и увлекательнейшие приключения в травяных джунглях, населенных кошмарными и в то же время прекрасными созданиями. На долгие годы меня увлекла жизнь насекомых. Это королева всех книг!  в восторге сказал я тогда маме.

Про фильм же, увы, такого не скажешь. Я даже пересматриваю его иногда, но лишь по той простой причине, что более достойного экранного воплощения любимой книги детства попросту нет. Что мы здесь имеем?

Для начала, фильм попросту плохо снят. Блекло, без выдумки (а ведь такой материал!), как-то отрывисто сцены будто не состыковываются одна с другой, превращая фильм в набор эпизодов. Спецэффекты на удивление неплохи, особенно для 1987 года, когда в стране уже отчетливо намечался финансовый кризис, и денег не было ни на что. Но вялая, без искры, режиссура, сводит на нет все старания создателей спецэффектов. О, как не хватает здесь мастера уровня Птушко или  оу!

Даже юмор, за который здесь отвечают великие и просто замечательные советские актеры, получился каким-то натужным, вымученным. И даже гениальный Василий Ливанов в роли незадачливого ученого Ивана Гермогеновича не смог создать здесь по-настоящему запоминающегося образа (к слову, я еще в детстве видел в этой роли только Евгения Евстигнеева). Сценарий немилосердно разбавлен водой  видимо, имелся заказ на две серии, ни больше, ни меньше, а денег на все приключения в микромире не было, вот режиссер и разбавил фильм линией с милицией. Музыка красивая, но уж очень однообразная.

Да и тот самый хороший жук. В конце он вообще оказывается разумным, увеличивается до размеров человека и носит костюм. Ничего подобного у Ларри, конечно, не было, потому что Ларри писал не сказку, а фантастико-приключенческий роман, да еще и с богатым научным материалом: его книга не только развлекательна, но и познавательна. Экранизация, по сути, сменила жанр.

Вот и получилось, что вроде все составляющие у фильма отличные, а вышло ни то ни сё, плохонько снятая детская сказка. Почему же оценка выше среднего, почему рецензия нейтральная, а не отрицательная? Да потому, что это, все-таки, мое детство, да и не настолько фильм плох, чтобы в нем было обидно видеть прекрасных актеров. Ливанов, Светин, Ярмольник  смотреть на них одно удовольствие.

Что же до Необыкновенных приключений Карика и Вали, то эта книга еще ждет своей достойной экранизации.

6 из 10"		yes	yes	yes	yes	neg	neg	neut	neut	"Мнение об игре актеров нейтральное, так как актеры хороши, но в данной картине даже они не смогли создать по-настоящему запоминающихся образов.
Мнение о сюжете, операторской работе явно отрицательное (сценарий разбавлен водой, вялая режиссура...), хотя спецэффекты были неплохи, особенно для того времени.
Мнение о музыкальном сопровождении нейтрально, так как ""Музыка красивая, но уж очень однообразная"""
95051_0	"Он  отсидевший 10 лет дезертир. Оставивший армию по причине зверств и потери человеческого облика своих сослуживцев. Она  беженка лишившаяся дома, мать одиночка брошенная мужем, испугавшимся трудностей воспитания больного ребёнка. Её дочь  девочка-аутистка живущая в своём мире, в который очень трудно пробиться. Её болезнь требует от окружающих большой любви и терпения. 

Автор даёт надежду, что эти искорёженные души способны возродиться к новой, совместной жизни, жизни в которой старая боль будет побеждена, и отнимает её. Зачем? Я не знаю. Если это авторская аллегория о возможности возрождения Сербии, то более пессимистического прогноза трудно представить. Если же это только жизненная драма, в таком случае концовка вполне реальна, сколько вокруг трагедий. Хотя очень хотелось бы, чтобы всё случилось иначе. 

Снято в театральной манере. Нет типичных для балканского кино труб, веселья, задорной музыки и даже чёрного юмора. Фильм полон недосказанности, Горан Паскалевич обрывает кадры на полуслове, не рассказывает предыстории главных героев, они молчаливы, привыкли жить со своей болью а не говорить о ней. И только в конце мы услышим их взаимную исповедь. Игра актёров на высоком уровне. Йована Митич не актриса, это действительно больная аутизмом девочка. Лазар  истовски убедителен в свой роли, ну а Ясна Залица сыграла просто потрясающе.

Фильм-драма, фильм-трагедия, серьёзное авторское кино, в какой-то мере выбивающее почву из под ног, заставляющее думать, анализировать, сочувствовать братьям-славянам, радоваться жизни и благодарить Бога что мы живём без войны.

8 из 10"		yes	yes	no	yes	pos	pos	neut	pos	"О музыкальном сопровождении ничего не сказано.
Все остальное явно восторженное: интересный сюжет, высокий уровень игры актеров, снято в театральной манере и сплошная недосказанность."
7913_0	"Большой, нет, огромной ошибкой было смотреть этот фильм поздно ночью. Почему? Потому, что меня и без того слегка клонило ко сну, а благодаря этой ленте я едва не заснул перед экраном телевизора.

Сюжет прост и незатейлив. Малопривлекательная женщина средних лет застревает в вечерней пробке в центре Парижа. В дороге она подбирает немногословного мужчину, тоже уже немолодого, но довольно приятного. Слово за слово, они проникаються симпатией друг к другу и это приводит их в номер отель. 

Если Вы думаете, что я рассказал первые 20-30 минут фильма, то ошибаетесь, это уже всё. Смотреть это, практически не сопровождаемое диалогами и музыкой кино невообразимо скучно.

Короче говоря, не советую, правда, страдающее бессоницей явно могут глянуть, в целях лечения от своего недуга."		yes	no	yes	no	neg			neut	Автор жалуется на отсутствие музыки и диалогов в фильме, что по сути является негативным мнением о музыкальном сопровождении. Сюжет очень скучный и не понравился автору. 
79667_8	"
Да-аа-аа

Случайно наткнувшись на старую кассету с мультфильмом Покахонтас решила его немедленно посмотреть. Это один из моих самых любимых творений Диснея, наряду с  усалочкой и Алладином. После просмотра, зарядившись как следует романтическим позитивом, решила покопаться в интернете и нашла много занятного! В том числе и ЭТО.

 Посмотрев аннотацию, я сразу же включила медиаплеер и уже предвкушала чудесную концовку (Покахонтас/Джон Смит разумеется). Как вдруг в меня начали закрадываться смутные сомнения, вызванные не совсем законным интересом Покахонтас к Джону  ольфу. 

 Что касается Джона  ольфа, его персонаж сразу же вызвал у меня незаслуженную неприязнь. Конечно, по ходу действия он оказался славным малым и вообще настоящим джентльменом, но при одном его виде у меня возникали ассоциации с мальчиком-мажором и напыщенным пингвином.

 Покахонтас здесь кажется не такой доброй и понимающей природу и людей, революционерку, смотрящую в будущее, но все же крепко держащуюся своих корней(простите за ленинизм)Да она выросла, но вместе с тем растеряла половину своих качеств, за которые она и полюбилась многим детям, и в последствии взрослым.

 Джон Смит ммм ноу комментс уж извините. Так испохабить персонаж? Уж не знаю, какой обиженный папой/маминым бойфрендом человек над этим постарался, но за это ему надо дать лет несколько исправительной колонии.

 Однако! Есть в защиту сиквела некоторые факты(как ни прискорбно). А именно:

1) реальный миф о Покахонтас(да-да это реальная девушка), действительно говорит о том, что в последствии она вышла замуж за Джона  ольфа.

2) У Джона Смита был тот еще характер(из той же легенды)

3)Покахонтас, к моменту прибытия Джона Смита, была всего лишь ребенком 13-ти лет (на самом деле 10-ти)

4)Джон Смит обманул Покахонтас, чтобы она думала, что он умер.

НО!Камрады диснеевцы! Это же мультик!Простите, если вы такие честные, то Джон Смит никогда не был блондином, а лысоватым короткопалым брюнетом, а Покахонтас, когда они встретились было всего 10! И ни о какой любви в мифе нет ни словечка!Это же мультфильм!Хотя бы здесь должен быть прекрасный принц один и на всю жизнь!

1 из 10

(только из-за красивой первой части)"		yes	no	no	no	neg			neut	Автор обсуждает персонажей фильма, при этом никак не упоминая игру актеров, поэтому мнение об игре актеров в фильме не содержится. Мнение автора о сюжете негативное.
8251_8	"
Обожаю этот фильм: легкий и непринужденный, изящный и остроумный. Сколько бы раз не пересматривала его  всегда получаю большое удовольствие и мощный заряд оптимизма.

По признанию историков кино, Леди Ева, созданная выдающимся режиссером и сценаристом Престоном Стерзом, является одной из лучших комедий всех времен. Как и другие его фильмы (""Путешествие Салливана, История Палм Бич)  украшение золотого фонда кино. В 1942 году комедия Леди Ева даже выдвигалась на премию Оскар в номинации Лучший сюжет.

Сюжет действительно фантастически лихо закручен (респект сценаристам). Синопсис фильма интригует, но, к счастью, не отражает всех многочисленных и неожиданных сюжетных поворотов.

Вдохновение и мастерство Престона Стерза, острый профессиональный взгляд оператора Виктора Милнера с его влюбленной в актеров кинокамерой, а также искрометный талант и обаяние актерского дуэта Барбары Стэнвик и Генри Фонда  вот основные составляющие успеха этой нестареющей комедии. 

Актерам удалось максимально полно раскрыть себя в комедийном амплуа и сделать эту комедию живой и задорной. На современном сленге  они зажигают по полной 

Генри Фонда умилителен в роли книжного червя, недотепы, которого ничто не интересует, кроме любимой науки о змеях. Однако встреча с реальной змеей-искусительницей для него оказалась более непредсказуемой, чем общение с изучаемыми аспидами. По ходу всей занятной истории его аморфно-инертный герой постепенно преображается, и этот процесс показан актером убедительно и очень смешно. 

Барбара Стэнвик в этом фильме  это НЕЧТО! Если выразить свое впечатление от ее игры только одним словом  виртуозно!  оль Евы, искушающей своего Адама, удалась ей на славу. Здесь актерский и женский темперамент Стэнвик был как нельзя более к месту. Ее коварная героиня лихо и ловко расставляет сети, но в итоге получает совсем не то, на что рассчитывала Легкая авантюра для нее оказалась чревата нежданными последствиями. Героине нужно было приложить немало усилий для реванша  для этого пришлось разительно менять не только свой внешний облик (прическу, наряды), манеру общения, но и СТИЛЬ  ЕЧИ. Насколько последнее великолепно удалось актрисе можно убедиться, если посмотреть оригинальную версию фильма. По сути, в этом фильме Барбара Стэнвик сыграла две роли.

Вся эта веселая история разыграна с блеском, выдумкой, азартом Ее финал хочется встретить как в итальянской опере восторженным браво!"		yes	no	no	yes	pos			pos	"Автору понравился сюжет фильма ""Сюжет действительно фантастически лихо закручен (респект сценаристам)"", игра актеров ""показан актером убедительно и очень смешно"". Остальные аспекты не отражены в отзыве."
94638_0	" обинзоны из Беверли Хиллз  телевизионная, семейная, приключенческая комедия 1997 года. Данный незатейливый фильм уносит зрителя в забавную и комичную историю одной семьи. 

Богатая семья плывет на яхте, чтобы отдохнуть, и попадает в настоящее, морское приключение. Их ждут шторм, пираты, кораблекрушение и жизнь на острове. Все это напоминает жизнь  обизнона Круза, и новым  обинзоном из Беверли Хиллз приходится учиться жить на острове

Эта комедия легкая и с улыбкой. Она не шедевр этого жанра, но один раз ее вполне можно посмотреть. Главные роли играют мало кому известные актеры Дайан Кэннон и Мартин Мулл. Оба актера мне неизвестны, но играли комично, и все смотрелось смешно. Больше всех мне конечно понравилась юная Сара Мишель Геллар. Я люблю эту актрису, звезду сериала Баффи истребительница вампиров, и в этой незатейливой, морской комедии ее приятно было увидеть. 

Помимо главных героев, в этой истории есть пираты, которые причиняют множество им проблем. Они были далеко не умные и прямолинейные. Все смотрелось с юмором. Если же Вы не смотрели эту приключенческую, семейную комедию, то особо ничего не потеряли. Кино позитивное, но оно на один раз. 

Легкая, забавная история."		yes	no	no	yes	neut			pos	"Мнение об игре актеров - положительное. Одна из актрис особенно понравилась автору, актеры играли комично. Сюжет фильма признается ""незатейливым"", ""не шедевр этого жанра"", но негативного отношения нет. Мнение о сюжете нейтральное."
